<?xml version="1.0" encoding="UTF-8" ?>
<XMLDB PATH="mod/quiz/accessrule/oqylyq/db" VERSION="2019120400" COMMENT="XMLDB file for Moodle mod/quiz/accessrule/oqylyq"
       xmlns:xsi="http://www.w3.org/2001/XMLSchema-instance"
       xsi:noNamespaceSchemaLocation="../../../../../lib/xmldb/xmldb.xsd">
    <TABLES>
        <TABLE NAME="quizaccess_oql_quizsettings" COMMENT="Stores the quiz level Oqylyq configuration.">
            <FIELDS>
                <FIELD NAME="id" TYPE="int" LENGTH="10" NOTNULL="true" SEQUENCE="true"/>
                <FIELD NAME="quizid" TYPE="int" LENGTH="10" NOTNULL="true" SEQUENCE="false" COMMENT="Foreign key to quiz id."/>
                <FIELD NAME="cmid" TYPE="int" LENGTH="10" NOTNULL="true" SEQUENCE="false" COMMENT="Foreign key to course module id."/>
                <FIELD NAME="proctoring" TYPE="int" LENGTH="1" NOTNULL="false" SEQUENCE="false" COMMENT=""/>
                <FIELD NAME="application" TYPE="char" LENGTH="255" NOTNULL="false" SEQUENCE="false" COMMENT=""/>
                <FIELD NAME="main_camera_record" TYPE="int" LENGTH="1" NOTNULL="false" SEQUENCE="false" COMMENT=""/>
                <FIELD NAME="second_camera_record" TYPE="int" LENGTH="1" NOTNULL="false" SEQUENCE="false" COMMENT=""/>
                <FIELD NAME="screen_share_record" TYPE="int" LENGTH="1" NOTNULL="false" SEQUENCE="false" COMMENT=""/>
                <FIELD NAME="photo_head_identity" TYPE="int" LENGTH="1" NOTNULL="false" SEQUENCE="false" COMMENT=""/>
                <FIELD NAME="id_verification" TYPE="int" LENGTH="1" NOTNULL="false" SEQUENCE="false" COMMENT=""/>
                <FIELD NAME="display_checks" TYPE="int" LENGTH="1" NOTNULL="false" SEQUENCE="false" COMMENT=""/>
                <FIELD NAME="hdcp_checks" TYPE="int" LENGTH="1" NOTNULL="false" SEQUENCE="false" COMMENT=""/>
                <FIELD NAME="content_protect" TYPE="int" LENGTH="1" NOTNULL="false" SEQUENCE="false" COMMENT=""/>
                <FIELD NAME="fullscreen_mode" TYPE="int" LENGTH="1" NOTNULL="false" SEQUENCE="false" COMMENT=""/>
                <FIELD NAME="focus_detector" TYPE="int" LENGTH="1" NOTNULL="false" SEQUENCE="false" COMMENT=""/>
                <FIELD NAME="extension_detector" TYPE="int" LENGTH="1" NOTNULL="false" SEQUENCE="false" COMMENT=""/>

                <FIELD NAME="usermodified" TYPE="int" LENGTH="10" NOTNULL="true" DEFAULT="0" SEQUENCE="false"/>
                <FIELD NAME="timecreated" TYPE="int" LENGTH="10" NOTNULL="true" DEFAULT="0" SEQUENCE="false"/>
                <FIELD NAME="timemodified" TYPE="int" LENGTH="10" NOTNULL="true" DEFAULT="0" SEQUENCE="false"/>
            </FIELDS>
            <KEYS>
                <KEY NAME="primary" TYPE="primary" FIELDS="id"/>
                <KEY NAME="quizid" TYPE="foreign-unique" FIELDS="quizid" REFTABLE="quiz" REFFIELDS="id"/>
                <KEY NAME="cmid" TYPE="foreign-unique" FIELDS="cmid" REFTABLE="course_modules" REFFIELDS="id"/>
                <KEY NAME="usermodified" TYPE="foreign" FIELDS="usermodified" REFTABLE="user" REFFIELDS="id"/>
            </KEYS>
        </TABLE>

        <TABLE NAME="quizaccess_oql_quizurls" COMMENT="Stores the quiz level Oqylyq configuration.">
            <FIELDS>
                <FIELD NAME="id" TYPE="int" LENGTH="10" NOTNULL="true" SEQUENCE="true"/>
                <FIELD NAME="userid" TYPE="int" LENGTH="10" NOTNULL="true" SEQUENCE="false" COMMENT="Foreign key to user id."/>
                <FIELD NAME="quizid" TYPE="int" LENGTH="10" NOTNULL="true" SEQUENCE="false" COMMENT="Foreign key to quiz id."/>
                <FIELD NAME="cmid" TYPE="int" LENGTH="10" NOTNULL="true" SEQUENCE="false" COMMENT="Foreign key to course module id."/>
                <FIELD NAME="url" TYPE="text" NOTNULL="true" SEQUENCE="false" COMMENT="Unique link to oqylyq"/>
                <FIELD NAME="lifetime" TYPE="int" LENGTH="10" NOTNULL="false" DEFAULT="0" SEQUENCE="false"/>
                <FIELD NAME="usermodified" TYPE="int" LENGTH="10" NOTNULL="true" DEFAULT="0" SEQUENCE="false"/>
                <FIELD NAME="timecreated" TYPE="int" LENGTH="10" NOTNULL="true" DEFAULT="0" SEQUENCE="false"/>
                <FIELD NAME="timemodified" TYPE="int" LENGTH="10" NOTNULL="true" DEFAULT="0" SEQUENCE="false"/>
            </FIELDS>
            <KEYS>
                <KEY NAME="primary" TYPE="primary" FIELDS="id"/>
                <KEY NAME="userid" TYPE="foreign" FIELDS="userid" REFTABLE="user" REFFIELDS="id"/>
                <KEY NAME="quizid" TYPE="foreign" FIELDS="quizid" REFTABLE="quiz" REFFIELDS="id"/>
                <KEY NAME="cmid" TYPE="foreign" FIELDS="cmid" REFTABLE="course_modules" REFFIELDS="id"/>
                <KEY NAME="usermodified" TYPE="foreign" FIELDS="usermodified" REFTABLE="user" REFFIELDS="id"/>
            </KEYS>
        </TABLE>
    </TABLES>
</XMLDB>
